{
  "loss": 1.6347639977931976,
  "ppl": 5.128247576456743,
  "tokens": 20480
}