{
  "loss": 3.8395897448062897,
  "ppl": 46.50639103706065,
  "tokens": 163840
}