{
  "loss": 1.5622079223394394,
  "ppl": 4.769339960854941,
  "tokens": 163840
}