{
  "loss": 3.852317476272583,
  "ppl": 47.10209483086865,
  "tokens": 163840
}